{
  "businessPhones": "9663628584",
  "displayName": "Sophia Bennett",
  "givenName": "Sophia",
  "mailNickname": "sophia",
  "surname": "Bennett",
  "userPrincipalName": "sophia@shifttocloud.com",
  "id": "e6yhghs686-22ab-4bc8-8124-595f73eb5f3f",
  "customAttribute1": "Team Lead",
  "customAttribute2": "Remote",
  "customAttribute3": "Salesforce Certified",
  "customAttribute4": "MBA",
  "customAttribute5": "Full-time",
  "customAttribute6": "Level 3",
  "customAttribute7": "Onboarding Complete",
  "customAttribute8": "Key Account Manager",
  "customAttribute9": "CRM Specialist",
  "customAttribute10": "Preferred Contact",
  "customAttribute11": "High Performer",
  "customAttribute12": "Q2 Bonus Eligible",
  "customAttribute13": "Mentor",
  "customAttribute14": "Certified Trainer",
  "customAttribute15": "North America Region",
  "city": "New York",
  "companyName": "Shifttocloud",
  "country": "USA",
  "department": "Sales",
  "mail": "sophia.bennett@shifttocloud.com",
  "officeLocation": "7th Avenue HQ",
  "postalCode": "10018",
  "state": "NY",
  "streetAddress": "456 7th Ave",
  "jobTitle": "Senior Sales Manager",
  "faxNumber": "212-555-2345",
  "mobilePhone": "917-555-9876",
  "profilePhoto": "https://randomuser.me/api/portraits/women/65.jpg",
  "homePhone": "718-555-6789",
  "wsaSigExt": "8584",
  "wsaSigMobile": "+1 917-555-9876",
  "wsaSigFullPhone": "+1 212-555-2345 Ext. 8584",
  "ipPhone": "21234",
  "telephoneNumber": "+1 212-555-2345",
  "employeeId": "EMP10234",
  "description": "Experienced sales leader with a decade in B2B cloud solutions.",
  "sAMAccountName": "sophia.bennett"
}